{"cameraMode":{"drawMode":0,"name":"Shaded","section":"Shading Mode"},"sceneLighting":false,"audioPlay":false,"sceneViewState":{"showFog":true,"showMaterialUpdate":false,"showSkybox":false,"showFlares":true,"showImageEffects":true,"showParticleSystems":true,"showVisualEffectGraphs":true,"m_FxEnabled":true},"in2DMode":false,"pivot":{"x":-5.960464477539063e-8,"y":1.039398193359375,"z":-0.10032442212104798},"rotation":{"x":0.005524470936506987,"y":-0.9921582341194153,"z":0.11364821344614029,"w":0.054885633289813998},"size":1.6645524501800538,"orthographic":false}