{"cameraMode":{"drawMode":0,"name":"Shaded","section":"Shading Mode"},"sceneLighting":true,"audioPlay":false,"sceneViewState":{"showFog":true,"showMaterialUpdate":false,"showSkybox":true,"showFlares":true,"showImageEffects":true,"showParticleSystems":true,"showVisualEffectGraphs":true,"m_FxEnabled":true},"in2DMode":false,"pivot":{"x":118.3233413696289,"y":0.4987330436706543,"z":-181.12124633789063},"rotation":{"x":-0.04426960647106171,"y":-0.8741386532783508,"z":0.08131738752126694,"w":-0.47701314091682436},"size":19.445505142211915,"orthographic":false}