{"cameraMode":{"drawMode":0,"name":"Shaded","section":"Shading Mode"},"sceneLighting":true,"audioPlay":false,"sceneViewState":{"showFog":true,"showMaterialUpdate":false,"showSkybox":true,"showFlares":true,"showImageEffects":true,"showParticleSystems":true,"showVisualEffectGraphs":true,"m_FxEnabled":true},"in2DMode":false,"pivot":{"x":-3.5762786865234377e-7,"y":0.8434791564941406,"z":-0.0214075967669487},"rotation":{"x":0.01297803595662117,"y":-0.980735719203949,"z":0.17890876531600953,"w":0.08016370236873627},"size":1.4146026372909547,"orthographic":false}