{"cameraMode":{"drawMode":0,"name":"Shaded","section":"Shading Mode"},"sceneLighting":true,"audioPlay":false,"sceneViewState":{"showFog":true,"showMaterialUpdate":false,"showSkybox":true,"showFlares":true,"showImageEffects":true,"showParticleSystems":true,"showVisualEffectGraphs":true,"m_FxEnabled":true},"in2DMode":false,"pivot":{"x":0.018477827310562135,"y":1.452948808670044,"z":0.7748721837997437},"rotation":{"x":-0.011665206402540207,"y":-0.9870697259902954,"z":0.14485913515090943,"w":-0.07074464112520218},"size":0.24178463220596314,"orthographic":false}