{"cameraMode":{"drawMode":0,"name":"Shaded","section":"Shading Mode"},"sceneLighting":true,"audioPlay":false,"sceneViewState":{"showFog":true,"showMaterialUpdate":false,"showSkybox":true,"showFlares":true,"showImageEffects":true,"showParticleSystems":true,"showVisualEffectGraphs":true,"m_FxEnabled":true},"in2DMode":false,"pivot":{"x":-0.007895570248365403,"y":1.2724472284317017,"z":-0.5704082250595093},"rotation":{"x":0.005524470936506987,"y":-0.9921582341194153,"z":0.11364821344614029,"w":0.054885633289813998},"size":0.6073950529098511,"orthographic":false}