{"cameraMode":{"drawMode":0,"name":"Shaded","section":"Shading Mode"},"sceneLighting":true,"audioPlay":false,"sceneViewState":{"showFog":true,"showMaterialUpdate":false,"showSkybox":true,"showFlares":true,"showImageEffects":true,"showParticleSystems":true,"showVisualEffectGraphs":true,"m_FxEnabled":true},"in2DMode":false,"pivot":{"x":1.4901161193847657e-7,"y":1.611553430557251,"z":0.005872413516044617},"rotation":{"x":0.009244333952665329,"y":-0.9896060228347778,"z":0.10473649203777313,"w":0.10019836574792862},"size":0.2557671070098877,"orthographic":false}